{"assetType":"edge","uniqueID":"82a94d95afca4adf97f786102f0de2e5","rootFolder":"edge.demoproject0505_82a94d95afca4adf97f786102f0de2e5_export","projectAlias":"pkg_82a94d95afca4adf97f786102f0de2e5_exported","services":[{"serviceFullName":"edge.demoproject0505_82a94d95afca4adf97f786102f0de2e5_export.integrations:trial","name":"trial","edgeServer":{"id":"default","group":null,"name":"Default (Cloud)"},"referenced":{"type":"flow","name":"trial","nsName":"edge.demoproject0505_82a94d95afca4adf97f786102f0de2e5_export.integrations:trial","resolved":false,"operation":null,"reference":[],"referencedBy":null}}]}